,benchmark,duration,totalDistance,nVehicles
0,C101.csv,0.3450741767883301,3133.5840361195314,22
