,benchmark,duration,totalDistance,nVehicles
0,C101.csv,0.34716200828552246,3133.5840361195314,22
